第1章 ゼロからデプロイまで | Rails チュートリアルを学ぶ
【Rails】ActiveRecordのオブジェクトをハッシュにする
言語別Sprintfのまとめ
Wikipediaのデータをダンプしてスクレイピングする方法(スクレイピング編)
railsインストール時にnokogiriのインストールでエラーになった時の対処
nokogiri.rbの使用方法をまとめた
nokogiri.rbでgoogle検索結果の一覧表示
mac OSX 10.9.4でスクレイピング用gem Nokogiri.rbのインストールでつまった
rubyでクロールしてみたいので数分でやってみた
rubyで今日からi日離れた日付を取得
RubyでRangeから配列を作る
rubyの外部ファイルロードの方式2つの違い
rubyのクラス定義の文法をまとめた
rubyのアンダーバー区切りで数字をみやすく
Emacsでrubyを開発するときの便利なツール
Rubyで全角半角を判定
RubyでPOSIX 文字クラスを利用して見やすい正規表現に
rubyで文字列の先頭に文字を追加するやりかた
rubyを最低限使いたい人のための1分基本文法
rubyで降順forループを実現する
rubyの正規表現を使って文字列の場合分け
rubyでファイルリードをたった1行で実現！
rubyで正規表現にマッチした文字列部分だけを消す方法
ruby入門しました
